name,current_price,original_price,discount,sizes
Pepe Jeans Innerfashion Men's Slim Fit Track Pants (Black),789,1399,43% OFF,3 sizes
Pepe Jeans Innerfashion Men's T-shirt (Pink),519,999,48% OFF,3 sizes
Pepe Jeans Innerfashion Men's Track Pants (Navy),799,1399,42% OFF,NA
Pepe Jeans Innerfashion Micro Modal Fabric Trunks (Black),399,499,20% OFF,NA
Pepe Jeans Innerfashion Men's Track Pants (Blue Melange),799,1399,42% OFF,2 sizes
"Pepe Jeans Innerfashion Kids Socks (Pink, White, 2 - 3 years)",239,499,52% OFF,NA
Pepe Jeans Innerfashion OPT07 Premium Enriched Egyptian Cotton Elastane Trunks (Black),399,479,16% OFF,NA
Pepe Jeans Innerfashion Men's Shorts (Black),589,1199,50% OFF,NA
Pepe Jeans Innerfashion Egyptian Cotton Ultra Fresh Vest (White),429,549,21% OFF,4 sizes
Pepe Jeans Innerfashion Men's Shorts (Black Melange),599,1199,50% OFF,2 sizes
"Pepe Jeans Innerfashion Monster Kids Socks (Multicolour, 2 - 3 years)",239,499,52% OFF,NA
"Pepe Jeans Innerfashion Cotton Kids Socks (Multicolour, 1 - 2 years)",239,499,52% OFF,NA
Pepe Jeans Innerfashion Men's Vest (White),429,549,21% OFF,5 sizes
Pepe Jeans Innerfashion Men's Boxers (Dark Grey),399,549,27% OFF,3 sizes
"Pepe Jeans Innerfashion Kids Socks (Blue, Red, 7 - 9 years)",239,499,52% OFF,NA
Pepe Jeans Innerfashion CLV02-02 Premium Enriched Egyptian Cotton Vest (White),509,649,21% OFF,NA
Pepe Jeans Innerfashion Men's Premium Trunks (True Blue),409,579,29% OFF,3 sizes
Pepe Jeans Innerfashion Women's Camisole with Adjustable straps (White),379,499,24% OFF,3 sizes
Pepe Jeans Innerfashion Men's Boxers (Rumba Red),399,549,27% OFF,5 sizes
Pepe Jeans Innerfashion Women's Cotton Camisole (Skin),379,499,24% OFF,NA
Pepe Jeans Innerfashion Women's Hipster Briefs (Multicolour),449,599,25% OFF,3 sizes
Pepe Jeans Innerfashion Men's Trunks (Charcoal Melange),409,579,29% OFF,2 sizes
Pepe Jeans Innerfashion Men's Boxers (Blue),499,749,33% OFF,2 sizes
Pepe Jeans Innerfashion Men's Trunks (Classic Blue),409,579,29% OFF,2 sizes
"Pepe Jeans Innerfashion Men's Socks (Black, White, Grey Melange, Free size)",439,1099,60% OFF,"Pepe Jeans Innerfashion Men's Socks (Black, White, Grey Melange, Free size)"
Pepe Jeans Innerfashion Men's Boxers (Black),449,749,40% OFF,2 sizes
Pepe Jeans Innerfashion Men's Premium Cotton Solid Briefs (True Blue),369,479,22% OFF,3 sizes
Pepe Jeans Innerfashion Men's Solid Cotton Briefs (Charcoal Grey),349,479,27% OFF,2 sizes
Pepe Jeans Innerfashion Mens Trunks (Black),399,599,33% OFF,NA
Pepe Jeans Innerfashion Men's Trunks (Black),399,599,33% OFF,3 sizes
Pepe Jeans Innerfashion Men's Cotton Briefs (Black),369,499,26% OFF,NA
Pepe Jeans Innerfashion Women's Cotton Camisole (Black),379,499,24% OFF,NA
Pepe Jeans Innerfashion Men's Solid-Cotton Briefs (True Blue),369,479,22% OFF,NA
"Pepe Jeans Innerfashion Men's Socks (Medieval Blue, Anthra Melange, Teal, Free size)",439,799,45% OFF,"Pepe Jeans Innerfashion Men's Socks (Medieval Blue, Anthra Melange, Teal, Free size)"
"Pepe Jeans Innerfashion Stylish Kids Socks (Multicolour, 7 - 9 years)",239,499,Out of Stock,NA
Pepe Jeans Innerfashion OPB07 Premium Enriched Egyptian Cotton Elastane Briefs (Mid Grey),379,449,Out of Stock,NA
Pepe Jeans Innerfashion Men's T-shirt (Black),519,999,Out of Stock,NA
"Pepe Jeans Innerfashion Men's Socks (Navy, White, Black, Free size)",409,1099,Out of Stock,"Pepe Jeans Innerfashion Men's Socks (Navy, White, Black, Free size)"
Pepe Jeans Innerfashion Women's Camisole with Adjustable Straps (White),379,499,Out of Stock,NA
Pepe Jeans Innerfashion Cotton Printed Boxers (Black),599,799,Out of Stock,NA
Pepe Jeans Innerfashion PPB01 Modal Fabric Anti Microbial Finish Briefs (Navy),389,449,Out of Stock,NA
Pepe Jeans Innerfashion CLB04 Premium Enriched Egyptian Cotton Briefs (Black),299,309,Out of Stock,NA
Pepe Jeans Innerfashion Men's Trunks (True Blue),399,599,Out of Stock,NA
Pepe Jeans Innerfashion Men's Full Sleeve Thermal Top (Charcoal),799,NA,Out of Stock,NA
